config,train_loss,val_loss,test_loss
1,371585.04134739516,28078.50103674373,29165.493788763717
2,372652.0746568427,28075.811521899977,29057.74930845505
3,371998.47985674033,27964.0594634435,29300.015470625876
