config,train_loss,val_loss,test_loss,input_size_e,hidden_size_lstm,layers_lstm,lr,input_size_d,output_dim
1,10750.433107022027,77.02028149940074,104.55696499109268,14,128,2,0.0001,12,9
2,4721.817868174167,68.98859178245068,69.23324026048184,14,128,2,0.001,12,9
3,32355.950624651694,159.46050294481216,242.19368193686006,14,128,1,0.0001,12,9
4,4787.706230137348,71.77106205537915,68.66220722690225,14,128,1,0.001,12,9
5,45340.931321990625,221.55491037152711,275.5326949183643,14,64,2,0.0001,12,9
6,4882.256747755109,69.5327232784033,69.87629108443858,14,64,2,0.001,12,9
7,59737.555790864084,649.5354887566716,702.5990473417937,14,64,1,0.0001,12,9
8,4922.107380788328,70.86307527631521,70.11716219723225,14,64,1,0.001,12,9
