config,train_loss,val_loss,test_loss,input_size_e,hidden_size_lstm,layers_lstm,lr,input_size_d,output_dim
1,22960.093089373368,135.5530520647764,162.2730751949549,14,128,2,0.0001,12,9
2,2956.777252583056,54.619444985985766,54.51056074365974,14,128,2,0.001,12,9
3,35369.53611715999,441.9550646974146,551.9906463178993,14,128,1,0.0001,12,9
4,2909.685378592982,60.62830474510788,54.73018659472466,14,128,1,0.001,12,9
5,41516.51988985722,684.3049038682134,789.0289215904475,14,64,2,0.0001,12,9
6,3218.9577411287282,53.988837494999174,56.3277478261292,14,64,2,0.001,12,9
7,43970.34350390412,735.4910217744111,841.3549710810184,14,64,1,0.0001,12,9
8,3266.8637035076317,60.86761962026358,56.33851557999849,14,64,1,0.001,12,9
